PROFILE_REWARDS,GENERIC,,,
name,value,comment,,
points_per_kill,75,points per player killed with any method,,
points_per_headshot,150,additional points if a player kills someone with ,,
points_per_point_capture,1000,points given out when a player is standing on a point when it's captured,,
points_per_second_of_point_hold,18,points given out every second a player spends inside a captured point,,
cash_per_kill,60,cash per player killed with any method,,
cash_per_headshot,150,additional cash if a player kills someone with a headshot,,
cash_per_point_capture,800,cash given out when a player is standing on a point when it's captured,,
cash_per_second_of_point_hold,18,cash given out every second a player spends inside a captured point,,
suppression_multiplier,1,the general amount of suppression in the game,,
points_per_mvp,1250,Points given for being #1 on the leaderboard when a match ends,,
cash_per_mvp,1250,Cash given for whatever you get it,,
points_per_first_match,750,points given out for the first match of the day,,
cash_per_first_match,750,cash per first match of the day,,
victory_multiplier,1.25,money multiplier for winning,,
tdm_kill_multiplier,1.25,kill cash+exp multiplier for tdm,,
plr_shove_limb_damage,35,,,
plr_shove_torso_damage,55,,,
plr_shove_headshot_damage,100,,,
plr_shove_bayonet_limb_damage,49,,,
plr_shove_bayonet_torso_damage,100,,,
plr_shove_bayonet_headshot_damage,105,,,
plr_shove_distance,3,,,
plr_shove_bayonet_distance,4,,,
plr_shove_melee_limb_damage,60,,,
plr_shove_melee_torso_damage,80,,,
plr_shove_melee_headshot_damage,105,,,
,,,,
,,,,
,,,,
,,,,
,,,,
,,,,
,,,,
,,,,
,,,,
,,,,
,,,,
,,,,
,,,,
,,,,
,,,,
,,,,
,,,,
,,,,
,,,,
,,,,
,,,,
,,,,
,,,,
,,,,
,,,,
,,,,
,,,,
,,,,
,,,,
,,,,
,,,,
,,,,
,,,,
,,,,
,,,,
,,,,
,,,,
,,,,
CHARACTER,LIST,,,
experience,level,unlocks,difference in xp,
0,0,Cash:3000 Bonds:10 M4A1 Glock17 M67,,
1000,1,Cash:2000 AK74N Makarov,0,
3500,2,Cash:2500 Bonds:3,1000,
6000,3,Cash: 2500 Bonds:3 Smoke,2500,
9000,4,Cash:2500 Bonds:2,2500,
12500,5,Bonds:2 MP5,3000,
16500,6,Cash:3000 Bonds:3,3500,
21000,7,Cash:3000 Bonds:3,4000,
26000,8,Cash:1000 Bonds:3 TT33 Flashbang,4500,
31300,9,Cash:4500 Bonds:3,5000,
37000,10,Bonds:3 PP19 F1,5300,
43000,11,Cash:5000 Bonds:3,5700,
49500,12,Cash:1000 Bonds:3 MosinNagant,6000,
56500,13,Cash:1500 Bonds:3 Glock20,6500,
64000,14,Cash:6000 Bonds:3,7000,
72000,15,Bonds:3 AKMN,7500,
80500,16,Cash:6500 Bonds:3,8000,
89500,17,Bonds:4 UMP45,8500,
99000,18,Cash:7000 Bonds:4,9000,
109000,19,Bonds:4 SA58,9500,
119500,20,Cash:7500 Bonds:4,10000,
130500,21,Bonds:4 MK9,10500,
141700,22,Cash:8000 Bonds:4,11000,
153500,23,Bonds:4 MP133,11200,
165500,24,Cash:8000 Bonds:4,11800,
178000,25,Bonds:4 AK12,12000,
192000,26,Cash:8000 Bonds:4,12500,
207000,27,Bonds:5 Remington870,14000,
222300,28,Cash:8000 Bonds:4,15000,
238000,29,Bonds:5 QBZ95,15300,
255000,30,Cash:8000 Bonds:4,15700,
275000,31,Cash:8000 Bonds:4,17000,
298000,32,Bonds:5 HK416A5,20000,
323000,33,Cash:8000 Bonds:4,23000,
350000,34,Cash:8000 Bonds:4 G3,25000,
380000,35,Bonds:5 Remington700,27000,
420000,36,Cash:8000 Bonds:4,30000,
463000,37,Bonds:5 SCARL,40000,
510000,38,Cash:8000 Bonds:4,43000,
560000,39,Bonds:5 AUG_A3,47000,
612000,40,Cash:8000 Bonds:4,50000,
666000,41,Cash:2000 Bonds:5 SCARH,52000,
724000,42,Cash:8000 Bonds:4,54000,
784000,43,Cash:8000 Bonds:4,58000,
846000,44,Cash:1000 Bonds:5 EDC_X9,60000,
910000,45,Cash:8000 Bonds:4,62000,
976000,46,Cash:8000 Bonds:4,64000,
1044000,47,Cash:1000 Bonds:5 AK308,66000,
1114000,48,Cash:8000 Bonds:4,68000,
1184000,49,Cash:8000 Bonds:4,70000,
1254000,50,Cash:8000 Bonds:4,70000,
1324000,51,Cash:8000 Bonds:4,70000,
1404000,52,Cash:1000 Bonds:5 SCAR47,70000,
1485000,53,Cash:8000 Bonds:4,80000,
1567000,54,Cash:8000 Bonds:4,81000,
1650000,55,Cash:8000 Bonds:4,82000,
1734000,56,Cash:8000 Bonds:4,83000,
1819000,57,Cash:8000 Bonds:4,84000,
1905000,58,Cash:8000 Bonds:4,85000,
1995000,59,Cash:1000 Bonds:5 Vector,86000,
2086000,60,,90000,
2178000,61,,91000,
2271000,62,,92000,
2365000,63,,93000,
2460000,64,,94000,
2556000,65,,95000,
2656000,66,,96000,
2757000,67,,100000,
2859000,68,,101000,
2962000,69,,102000,
3066000,70,,103000,
3171000,71,,104000,
3277000,72,,105000,
3387000,73,,106000,
3498000,74,,110000,
3610000,75,,111000,
3723000,76,,112000,
3837000,77,,113000,
3952000,78,,114000,
4068000,79,,115000,
4188000,80,,116000,
4309000,81,,120000,
4431000,82,,121000,
4554000,83,,122000,
4678000,84,,123000,
4678000,85,,124000,
,,,,
M4A1,LIST,,,
experience,level,unlocks,difference in xp,
0,0,colt_m4a1_std_upper_receiver colt_m4a1_std_lower_receiver colt_m4a1_carry_handle colt_m4a1_charging_handle colt_m4a1_5.56x45_368mm_govt_c_barrel colt_m4a1_front_side_sling_swivel m4a1_std_dust_cover jg_usgi_a2_birdcage_m4a1_flash_hider m4a1_556_bolt colt_m4a1_receiver_endplate colt_m4a1_castlenut colt_m4_std_carbine_plastic_handguard colt_m4a1_trigger_guard m4a1_std_bolt_catch colt_m4a1_std_trigger m4a1_std_fire_selector m4a1_std_mag_release 5.56x45_colt_ar15_stanag_30r stanag_30r_plate colt_m4fs_gasblock colt_rear_ironsight_200m colt_m4ss_stock colt_buffer_tube colt_a2_pistol_grip 5.56x45_federal_american_eagle_training_xm193blx_55gr_fmj colt_retro_a1_scope_carry_handle_mount colt_retro_a1_4x21_scope picatinny_section stanag_bottom_plate,,
250,1,fab_defense_upr_16_4_bottom fab_defense_upr_16_4_top tangodown_bgv_mk46k_grip colt_m16a2_carry_handle_upper_receiver,250,
600,2,kac_rear_sight_base kac_front_sight_base kac_front_sight_folded kac_front_sight kac_front_sight kac_rear_sight_folded kac_rear_sight windham_weaponry_railed_ar15_gasblock,350,
1100,3,utg_ms_qd_foregrip kac_2rib_railpanel kac_4rib_railpanel,500,
1700,4,pts_fortis_shift_tactical_grip kac_5rib_railpanel kac_6rib_railpanel,600,
2400,5,ultrafire_wf501b_flashlight 25mm_universal_mount,700,
3200,6,fn_scar_rear_sight fn_scar_rear_sight_600m_aperture fn_scar_rear_sight_200m_aperture fn_scar_rear_sight_folded fn_scar_rear_sight_base,800,
4100,7,sightmark_lopro_combo colt_ca2r,900,
5100,8,magpul_mbus_gen2_base magpul_mbus_gen2_rear_top_folded magpul_rearsight_post200m magpul_rearsight_post600m magpul_mbus_gen2_rear_top magpul_mbus_gen2_front_top magpul_mbus_gen2_frontsight_post magpul_mbus_gen2_front_top_folded ,1000,
6200,9,sb_tactical_vector_brace bt_st6012 timber_creek_enforcer_pistol_grip,1100,
7400,10,5.56x45_brwnls_stanag_ss_20r 5.56x45_brwnls_stanag_25r 5.56x45_cbcdefense_m196_55gr_red_tracer,1200,
8700,11,kac_ras_m4a1_handguard magpul_223_mag_assist_misc2 magpul_223_mag_assist_misc1 magpul_223_mag_assist_misc3 magpul_223_mag_assist_pmag magpul_223_mag_assist_straightstanag,1300,
10100,12,rtm_pillau_tactical_grip aimpoint_electronic_g2_red_dot,1400,
11600,13,colt_m4a1_5.56x45_368mm_socom_c_barrel nordic_corvette_556 pri_ar15_std_carry_handle_mount,1500,
13200,14,hensoldt_z24_fero_4x24 z24_covers arms_no5_mount kac_ras_free_float_5inch,1600,
14900,15,doublestar_ace_m4_socom_gen4_stock doublestar_ace_0.5_recoil_pad moe_sl_handguard,1700,
16700,16,juggernaut_tacticals_featureless_grip psa_custom_trigger timber_creek_enforcer_handstop burris_prism_ar332_carry_handle burris_prism_ar332,1800,
18600,17,leapers_utg_model_15_fixed_a2_ar15_stock usgi_m16a1_triangle_handguard utg_super_slim_vertical_foregrip,1900,
20600,18,trijicon_rx01/06_series_1x24_reflex_sight_ch trijicon_rx01/06_series_1x24_reflex_sight trijicon_rx14_mount,2000,
22700,19,burris_ar_prb_mount danieldefense_mk12_low_profile_gasblock ti_stock troy_m7a1,2100,
24900,20,kac_11rib_railpanel kac_9rib_railpanel ar_tr2_stock ar_tr2_pad trijicon_srs02 insight_technology_an_peq_2a_tpial,2200,
27200,21,armaspec_victory_charging_handle troy_claymore556 aim_sports_mt026_mount colt_a2_buffer hera_hrs_light_stock,2300,
29600,22,leupold_mark_4_carry_handle_mount trijicon_rx10_gooseneck_mount xtm_2_piece xtm_4_piece xtm_full_handstop,2400,
32100,23,jt_5.5inch_flashsuppressor colt_a2_std_rifle_plastic_handguard gral_s_pistol_grip thordsen_frs15_cover_stock thordsen_frs_15_stock t_frs15_pad brwnls_a1_m4a1_5.56x45_508mm_govt_r_barrel aeroknox_ax15_upper_receiver,2500,
34700,24,mdt_premier_avp_grip colt_m4a1_5.56x45_317mm_govt_c_barrel monster_10i_type_a_handguard sightmark_lopro_mini_combo tc_enforcer_small_charging_handle,2600,
37400,25,2a_armament_builder_series_gen1_10inch_handguard magpul_trigger_guard monstrum_prism_2x32_scope,2700,
40200,26,abom_cnc_works_picatinny_susat_adapter usi_l12a1_susat_combat_optic susat_backup_sights ss_combo_mount ss_lrs1_suppressor,2800,
43100,27,gemtech_gmt_halo mt012h_riser mt012l_riser mt012m_riser brwnls_xm177_car cf_rubber_buttpad,2900,
46100,28,colt_m4a1_5.56x45_267mm_govt_c_barrel 2a_armament_builder_series_gen1_7inch_handguard magpul_mlok_1.6_bottom magpul_mlok_1.6_side magpul_mlok_1.6_top railscales_rsb_vg,3000,
49200,29,si_viper_mod1_stock viper_rubber_pad annihilator_556 diemaco_c7_ambi_charging_handle las_tac_2 diemaco_tri_ad_i_mount,3100,
52400,30,magpul_mvg rm33_mount ac32062_mount trijicon_rmr_rm06_type2_adj_led_reflex,3200,
55700,31,armytek_predator_prov3_xhp35_hi insight_technology_an_peq_5_cvl magpul_afg_2_grip magpul_prs_gen2_stock,3300,
59100,32,fortis_la_stock generic_5_slot_mlok_rail_side generic_5_slot_mlok_rail_top generic_5_slot_mlok_rail_bottom generic_7_slot_mlok_rail_bottom generic_7_slot_mlok_rail_top generic_7_slot_mlok_rail_side generic_9_slot_mlok_rail_top generic_9_slot_mlok_rail_side generic_9_slot_mlok_rail_bottom kac_qdc_m4qd_5.56x56_flash_suppressor kac_qdss_nt4_5.56x45_suppressor,3400,
62600,33,lvoa_s_handguard kac_ras_free_float_12inch kac_mre_ras_free_float_12inch ncstar_marsv2_top ncstar_marsv2_bottom,3500,
66200,34,generic_11_slot_mlok_rail_bottom generic_11_slot_mlok_rail_side generic_11_slot_mlok_rail_top generic_13_slot_mlok_rail_bottom generic_13_slot_mlok_rail_side generic_13_slot_mlok_rail_top leupold_deltapoint_reflex_sight leupold_deltapoint_pro_cross_slot leupold_deltapoint_pro_ar deltapoint_attachment,3600,
69900,35,kac_micro_rear_sight_base kac_micro_front_sight_base kac_micro_front_sight_folded kac_micro_front_sight kac_micro_front_sight_sight kac_micro_rear_sight_folded kac_micro_rear_sight valday_1p87,3700,
73700,36,aimpoint_30mm_low_ring qrp_30mm_mount comp_m2 stark_se_5_express_forward_grip trijicon_sro,3800,
77600,37,hk_slim_stock a3_angled_foregrip zenitco_klesch_2p_lcu si_link_curved_mlok_fg pmm_scar_modified_grip_hogue ips_5.56x45_2inch_barrel_extension ips_5.56x45_1inch_barrel_extension,3900,
81600,38,5.56x45_magpul_pmag_m3_20r magpul_std_m3_bottom_plate 5.56x45_magpul_pmag_m3_10r fab_defense_tactical_lightweight_vertical_grip m16_m4_carryhandle_z_rail z_rail_side_mount2 z_rail_side_mount1,4000,
85700,39,leupold_deltapoint_pro_sight rk_foregrip_mount zenit_rk0 zenit_rk4 zenit_rk0_angled zenit_rk4_angled mrs_reflex dd_enhanced_mvg ncstar_mpr45_offset_mount,4100,
89900,40,monster_15i_type_a_handguard x_caliber_ar_15_.223wylde_457mm_spiral_6groove_m_barrel brwnls_m4a1_5.56x45_406mm_socom_c_barrel brwnls_m4a1_5.56x45_406mm_govt_m_barrel,4200,
94200,41,hk_battle_pistol_grip trijicon_rmr_ac32066_offset kac_vpg mk10_rl_handguard mk10_top_adapter_large mk10_top_adapter_small mk10_bottom_adapter_large mk10_bottom_adapter_small mk10_side_adapter_large mk10_side_adapter_small,4300,
98600,42,magpul_ranger_m3_bottom_plate 5.56x45_fn_scar_30r fn_scar_l_std_magplate td_skeletonized_pistol_grip vltor_emod_stock ncstar_blastar_vkarmw_magwell tc_enforcer_charging_handle emod_pad,4400,
103100,43,colt_m4a1_5.56x45_190mm_govt_p_barrel veriforce_tactical_ar15_4inch_ultralight_mlok_freefloat_hg leupold_deltapoint_pro_ar_dloc zenit_rk2 zenit_rk2_angled pilad_p1x42 magpul_rvg kac_m5_ras_upper_handguard kac_m5_ras_lower_handguard mission_first_folding_grip,4500,
107700,44,hk_ergo_psg_pistol_grip sig_sauer_romeo4_sight sig_sauer_romeo4_low sig_sauer_romeo4_mount kinect_development_group_qd_3slot_rail_side kinect_development_group_qd_3slot_rail_top kinect_development_group_qd_3slot_rail_bottom,4600,
112400,45,aim_sports_low_profile_45_degree_sight_base aim_sports_front_sight aim_sports_rear_sight_folded aim_sports_front_sight_folded aim_sports_rear_sight brwnls_m4a1_5.56x45_508mm_hbar_r_barrel,4700,
117200,46,zenit_rk1 zenit_rk1_angled zenit_rk6 zenit_rk6_angled 2a_armament_builder_series_gen1_12inch_handguard 2a_armament_builder_series_gen1_15inch_handguard kinect_development_group_qd_7slot_rail_bottom kinect_development_group_qd_7slot_rail_side kinect_development_group_qd_7slot_rail_top,4800,
122100,47,lvoa_c_handguard zenit_rk5 zenit_rk5_angled dd_mk18_fsp_ris_2_9.55_handguard dd_mk18_ris_2_9.55_handguard magpul_moe_ar15_pistol_grip cobra_ekp_8_18 lmt_sopmod lmt_pad,4900,
127100,48,holosun_hs401g5 5.56x45_magpul_pmag_m3_30r 5.56x45_winchester_m855_62gr_fmj_greentip_vm855 ti_enhanced_trigger_guard,5000,
132200,49,magpul_moe_k2_ar15_pistol_grip holosun_ls321g larue_qd_lt_101 jp_enterprises_5b_gasblock magpul_moe_carbine_stock magpul_moe_butt_pad magpul_str_butt_pad unity_fast_micro_mount,5100,
137400,50,stngr_lvnc_10i stngr_hwk_15i 5.56x45_magpul_pmag_m3_40r cmc_dropin_trigger ncstar_blue_lam_module,5200,
142900,51,5.56x45_hk_polymer_transparent_30r hk_mag_plate leupold_cq_deltapoint_pro_rear_ironsight bcm_mod3_mlok_fg bcm_mod3_mlok_fg_flipped zenit_belomo_pk06,5500,
148650,52,magpul_prs_gen3_stock prs_adjustable_piece prs_gen3_buttpad armaspec_rhino_r23_tactical_magwell elcan_c79a2 elcan_alt_view,5750,
154650,53,npz_1p78_1_2.8x_kashtan_scope npz_1p78_kashtan_p1_picatinny_adapter rk_short_foregrip_mount rk_b25_angled_mount si_ar_are_t7_buffer_tube,6000,
160900,54,5.56x45_x15m_drum_50r bravo_comp_gunfighter_charging_handle 5.56x45_novx_copper_pentagon_55gr_mchp_556n55cp eotech_eflx_mini_red_dot ips_5.56x45_4inch_barrel_extension,6250,
167400,55,viking_tactical_uvg_grip grip_pod_gps_02_legs_ext grip_pod_gps_02_legs_col grip_pod_gps_02_body,6500,
174150,56,priceli_narod_okp_7_picatinny firefield_mg_kemper_xl_reflex_sight magpul_xtm_enhanced_half_panel_1 magpul_xtm_enhanced_handstop_1 magpul_xtm_enhanced_panel_1 magpul_xtm_enhanced_short_handstop_1 magpul_xtm_enhanced_half_panel_2 magpul_xtm_enhanced_handstop_2 magpul_xtm_enhanced_panel_2 magpul_xtm_enhanced_short_handstop_2,6750,
181150,57,sig_sauer_romeo4t_sight sig_sauer_romeo4t_1/3_cowitness_mount romeo4t_lens_caps romeo4t_folded_lens_caps unity_fast_optics_riser tb_mount_223_mb tb_5,7000,
188400,58,matech_usgi_rear_buis_base matech_usgi_rear_buis_aperture_folded matech_usgi_rear_buis_aperture radianweapons_raptor_ambi_handle zenitco_perst_3_classic_gen4_green sai_10_qd_handguard syoss_jail_brake,7250,
195900,59,dd_m4a1_ris_2_12.25_handguard dd_m4a1_fsp_ris_2_12.25_handguard trijicon_ta01nsn_carry_handle trijicon_ta01nsn acog_fs acog_rs trijicon_ta51_flattop_mount rm35 magpul_str_carbine_stock,7500,
203650,60,swampfox_kingslayer_sight tb_7 timney_trigger sai_14.5_qd_handguard battle_arms_rack_charging_handle timber_creek_enforcer_foregrip ak12_gen1_std_stock,7750,
211650,61,cmmg_ar_15_5.56x45_610mm_fluted_r_barrel ncstar_mark_3_tactical_gen2_3_9x42 noveske_gen3_ar15_upper_receiver,8000,
219900,62,sig_sauer_romeo5_1x20_sight sig_sauer_romeo5_low_mount geissele_smr_mk16_mlok_urg_i_9.3inch,8250,
228400,63,5.56x45_magpul_pmag_m3_windowed_30r 5.56x45_cbcdefense_sat_ip_62gr_clf_aep_97,8500,
237150,64,hera_arms_cqr_gen1_foregrip hera_arms_cqr_gen1_pistol_grip_stock 15mm_cqr 30mm_cqr 45mm_cqr,8750,
246150,65,sig_sauer_bravo4_4x30 surefire_warcomp_5.56x45_flash_hider surefire_socom556_rc2_suppressor,9000,
255400,66,aimpoint_micro_t1_sight aimpoint_micro_spacer_low_30mm aimpoint_micro_spacer_high_39mm aimpoint_amm_dovetail_11mm_mount,9250,
264900,67,primary_arms_slx_1x_microprism_acss_g2_scope primary_arms_slx_1.1inch_mount primary_arms_slx_1.53inch_straight_spacer geissele_smr_mk16_mlok_urg_i_10.5inch,9500,
274650,68,l3harris_atpial_an_peq_15 lone_star_armory_tx15_regular_ar15_upper_receiver,9750,
284650,69,zenit_belomo_prc_red_dot kac_urx_4_mlok_8.5inch_handguard,10000,
294900,70,hera_arms_straight_pull_charging_handle geissele_smr_mk16_mlok_urg_i_13.5inch,10250,
305400,71,sig_sauer_romeo3_low_rise_mount sig_sauer_qd_1.41_cowitness_romeo3_riser sig_sauer_romeo3,10500,
316150,72,trijicon_acog_ta11d_bac trijicon_acog_ta11d_bac_carry_handle,10750,
327150,73,eotech_553 ddw_adapter ddw_qd,11000,
338400,74,elcan_specter_os4x_sfov4 kac_urx_4_mlok_10.75inch_handguard,11250,
349900,75,aimpoint_micro_lrp_qd_mount rise_blitz_trigger,11500,
361900,76,vortex_optics_razor_amg_uh1_gen1_sight lone_star_armory_tx15_light_ar15_upper_receiver,12000,
374400,77,zenit_belomo_picatinny_mount_pkas zenit_belomo_pk_as,12500,
387400,78,eotech_g33_3x_magnifier eotech_sts_pivot_mount eotech_magn_7mm_riser_1 eotech_magn_7mm_riser_2 eotech_sts_picatinny_mount,13000,
400900,79,insight_technology_wmx200_fixed_mount_tactical_illuminator,13500,
414900,80,elcan_specterdr_1_4x_dfov14_t1 magpul_ubr_gen2_buffer ubr_gen2_stock vltor_mur1s_ar15_upper_receiver,14000,
429400,81,aimpoint_micro_t2_sight aimpoint_micro_t2_lens_caps,14500,
444400,82,vortex_optics_sport_cantilever_cm_102_30mm_2inch_offset eotech_vudu_1_6x24,15000,
459900,83,trijicon_compact_acog_3x24_ta50c_red trijicon_compact_acog_ac12041_mount,15500,
475900,84,tb_9 burris_ar_pepr_30mm_mount bcm_gunfighter_kag,16000,
492400,85,eotech_exps3 hera_arms_ccs_stock 5.56x45_surefire_mag560_60r_mag,16500,
509400,86,l3harris_mipim_an_peq_16b geissele_smr_mk16_mlok_urg_i_15inch,17000,
526900,87,vortex_optics_sport_cantilever_cm_203_30mm_3inch_offset,17500,
544900,88,unity_fast_lpvo_30mm_mount 5.56x45_magpul_pmag_60r noveske_marked_vltor_mur1s_ar15_upper_receiver,18000,
563400,89,eotech_xps3_0 gemtech_adapter gemtech_1_762,18500,
582400,90,be_meyers_mawl_c1+ kac_urx_4_mlok_13inch_handguard,19000,
601900,91,trijicon_compact_acog_3x24_ta50c_green,19500,
621900,92,badger_ordnance_comm_30mm_mount_body badger_ordnance_comm_30mm_ring_half,20000,
642400,93,gbrs_group_aimpoint_hydra_mount_kit,20500,
663400,94,unity_fast_offset_optic_base unity_offset_optic_rmr_adapter_plate,21000,
684900,95,nightforce_atacr7_35x56_f1 khf_34mm_iea badger_ordnance_c1_30mm_12oclock_t1_optical_half_tube_plate badger_ordnance_c1_30mm_12oclock_rmr_mount_for_arc badger_ordnance_c1_30mm_accessory_arc_ring_cap badger_ordnance_comm_aimpoint_t1_sight_mount badger_ordnance_comm_j_arm_offset_mount,21500,
706900,96,amtac_cqb_suppressor amtac_cqbm_suppressor 5.56x45_surefire_mag5100_100r_mag,22000,
729400,97,badger_ordnance_comm_trijicon_rmr_sight_mount badger_ordnance_comm_34mm_mount_body badger_ordnance_comm_34mm_ring_half,22500,
752400,98,badger_ordnance_c1_34mm_accessory_arc_ring_cap badger_ordnance_c1_34mm_12oclock_t1_optical_half_tube_plate,23000,
775900,99,kac_urx_4_mlok_14.5inch_handguard,23500,
825900,100,maxwell_grip,50000,
,,,,
Glock17,LIST,,,
experience,level,unlocks,difference in xp,
0,0,glock17_gen5_left_slide_release glock17_gen5_left_slide_release glock17_gen5_right_slide_release glock17_gen5_mag_release glock17_gen5_trigger glock17_gen5_trigger_safety glock17_gen5_early_slide glock17_slide_backplate glock17_gen5_receiver glock17_gen5_marksman_114mm_9x19_barrel picatinny_section glock17_gen5_spring glock17_gen5_front_sight glock17_gen5_sf_rear_sight glock17_gen5_9x19_17r_magazine glock17_gen5_ejector 9x19_remington_umc_115gr_fmj_l9mm3b glock17_17r_magazine_bottom_plate,,
325,1,glock17_gen4_sf_rear_sight glock17l_front_sight,325,250
780,2,glock17_gen4_slide glock17_gen4_receiver,455,350
1430,3,truglo_glock_tfx_fs truglo_glock_tfx_rs,650,500
2210,4,trijicon_glock_supp_height_front_sights_wh_sf trijicon_glock_supp_height_rear_sights_wh_sf,780,600
3120,5,glock17l_slide glock17l_ported_153mm_9x19_barrel,910,700
4160,6,trijicon_rm44 trijicon_rmr_rm06_type2_adj_led_reflex,1040,800
5330,7,pachmayr_rubber_grip,1170,900
6630,8,um_tactical_um_3_mount utg_ms_qd_foregrip,1300,1000
8060,9,sightmark_lopro_combo tangodown_bgv_mk46k_grip,1430,1100
9620,10,trijicon_sro rm33_mount ac32062_mount,1560,1200
11310,11,sai_match_threaded_9x19_barrel 9x19_thread_protector,1690,1300
13130,12,zenitco_klesch_2p_lcu utg_super_slim_vertical_foregrip,1820,1400
15080,13,custom4port kac_2rib_railpanel kac_4rib_railpanel kac_5rib_railpanel,1950,1500
17160,14,sightmark_lopro_mini_combo amp_1ts,2080,1600
19370,15,amp_1r rtm_pillau_tactical_grip,2210,1700
21710,16,9x19_rotor43_8chamber_glock_suppressor,2340,1800
24180,17,wilson_combat_9x19_thread_protector,2470,1900
26780,18,colt_ca2r colt_rear_ironsight_200m 9x19_piney_mountain_124gr_green_tracer,2600,2000
29510,19,9x19_naughty_9 9x19_federal_ballisticlean_100gr_rht_frangible_bc9nt3,2730,2100
32370,20,pts_fortis_shift_tactical_grip las_tac_2 colt_retro_a1_scope_carry_handle_mount colt_retro_a1_4x21_scope,2860,2200
35360,21,glr_17 wasatch_arms_comp_weight_compensator_10mm,2990,2300
38480,22,fn_scar_rear_sight fn_scar_rear_sight_folded fn_scar_rear_sight_600m_aperture fn_scar_rear_sight_200m_aperture fn_scar_rear_sight_base,3120,2400
41730,23,25mm_universal_mount ultrafire_wf501b_flashlight,3250,2500
45110,24,holosun_ls321g 9x19_kriss_magex2_glock ips_9x19_1inch_barrel_extension,3380,2600
48620,25,insight_technology_an_peq_2a_tpial aimpoint_electronic_g2_red_dot,3510,2700
52260,26,rk_foregrip_mount zenit_rk4 zenit_rk0 zenit_rk4_angled zenit_rk0_angled,3640,2800
56030,27,glock17_auto_sear kac_11rib_railpanel kac_6rib_railpanel kac_9rib_railpanel,3770,2900
59930,28,mt012l_riser mt012h_riser mt012m_riser ak12_gen1_std_stock,3900,3000
63960,29,kac_front_sight kac_front_sight_folded kac_rear_sight kac_front_sight_base kac_rear_sight_base kac_rear_sight_folded,4030,3100
68120,30,fd917 insight_technology_an_peq_5_cvl,4160,3200
72410,31,rk_short_foregrip_mount zenit_rk1 zenit_rk1_angled trijicon_srs02,4290,3300
76830,32,tsa_g colt_m4a1_castlenut_for_all colt_buffer_tube mission_first_folding_grip colt_m4ss_stock,4420,3400
81380,33,magpul_mbus_gen2_base magpul_mbus_gen2_rear_top_folded magpul_rearsight_post200m magpul_rearsight_post600m magpul_mbus_gen2_rear_top magpul_mbus_gen2_front_top magpul_mbus_gen2_frontsight_post magpul_mbus_gen2_front_top_folded,4550,3500
86060,34,abom_cnc_works_picatinny_susat_adapter usi_l12a1_susat_combat_optic susat_backup_sights,4680,3600
90870,35,magpul_rvg colt_m4a1_carry_handle burris_prism_ar332_carry_handle burris_prism_ar332,4810,3700
95810,36,zenit_belomo_prc_red_dot sb_tactical_vector_brace,4940,3800
100880,37,rk_b25_angled_mount zenit_rk5 zenit_rk5_angled zenit_rk6 zenit_rk6_angled,5070,3900
106080,38,kac_micro_rear_sight kac_micro_front_sight kac_micro_front_sight_folded kac_micro_rear_sight_folded kac_micro_front_sight_base kac_micro_rear_sight_base,5200,4000
111410,39,viking_tactical_uvg_grip ar_tr2_stock ar_tr2_pad,5330,4100
116870,40,alphadog_alpha9 alphadog_alpha9_flipped,5460,4200
122460,41,ncstar_blue_lam_module pilad_p1x42,5590,4300
128180,42,hk_416_enhanced_buffer_tube unity_fast_optics_riser,5720,4400
134030,43,xtm_2_piece xtm_4_piece xtm_full_handstop qrp_30mm_mount comp_m2,5850,4500
140010,44,zenit_rk2 zenit_rk2_angled troy_m7a1 ti_stock,5980,4600
146120,45,pri_ar15_std_carry_handle_mount hera_hrs_light_stock,6110,4700
152360,46,valday_1p87 timber_creek_enforcer_foregrip timber_creek_enforcer_handstop,6240,4800
158730,47,ncstar_mpr45_offset_mount hensoldt_z24_fero_4x24 arms_no5_mount z24_covers,6370,4900
165230,48,cobra_ekp_8_18 stark_se_5_express_forward_grip,6500,5000
171860,49,swampfox_kingslayer_sight larue_qd_lt_101 aimpoint_30mm_low_ring,6630,5100
178620,50,hera_arms_cqr_gen1_foregrip a3_angled_foregrip brwnls_xm177_car cf_rubber_buttpad,6760,5200
185770,51,magpul_afg_2_grip 9x19_armscor_usa_147gr_fmj_fac9_5n,7150,5500
193245,52,grip_pod_gps_02_body grip_pod_gps_02_legs_ext grip_pod_gps_02_legs_col,7475,5750
201045,53,matech_usgi_rear_buis_base matech_usgi_rear_buis_aperture_folded matech_usgi_rear_buis_aperture,7800,6000
209170,54,sig_srd9_9x19 kac_vpg lmt_sopmod lmt_pad insight_technology_wmx200_fixed_mount_tactical_illuminator,8125,6250
217620,55,trijicon_rmr_ac32066_offset hera_arms_ccs_stock,8450,6500
226395,56,leupold_deltapoint_pro_cross_slot deltapoint_attachment leupold_deltapoint_reflex_sight,8775,6750
235495,57,holosun_hs401g5 fortis_la_stock,9100,7000
244920,58,silencerco_osprey9_gen1_9x19_suppressor silencerco_osprey9_gen1_9x19_suppressor_flipped,9425,7250
254670,59,fab_defense_tactical_lightweight_vertical_grip,9750,7500
264745,60,9x19_speer_lawman_124gr_tmj_53651 hk_slim_stock,10075,7750
275145,61,magpul_xtm_enhanced_half_panel_2 magpul_xtm_enhanced_handstop_2 magpul_xtm_enhanced_panel_2 magpul_xtm_enhanced_short_handstop_2 magpul_xtm_enhanced_half_panel_1 magpul_xtm_enhanced_handstop_1 magpul_xtm_enhanced_panel_1 magpul_xtm_enhanced_short_handstop_1,10400,8000
285870,62,doublestar_ace_m4_socom_gen4_stock doublestar_ace_0.5_recoil_pad,10725,8250
296920,63,zenit_belomo_pk06 9x19_federal_classic_115gr_hi_shok_jhp_9bp,11050,8500
308295,64,gbrs_group_aimpoint_hydra_mount_kit,11375,8750
319995,65,priceli_narod_okp_7_picatinny vltor_emod_stock emod_pad,11700,9000
332020,66,si_viper_mod1_stock viper_rubber_pad,12025,9250
344370,67,leupold_deltapoint_pro_sight leupold_deltapoint_pro_ar leupold_deltapoint_pro_ar_dloc,12350,9500
357045,68,monstrum_prism_2x32_scope mrs_reflex,12675,9750
370045,69,elcan_c79a2 elcan_alt_view armytek_predator_prov3_xhp35_hi,13000,10000
383370,70,trijicon_rx10_gooseneck_mount trijicon_rx14_mount trijicon_rx01/06_series_1x24_reflex_sight_ch trijicon_rx01/06_series_1x24_reflex_sight,13325,10250
397020,71,zenitco_perst_3_classic_gen4_green m16_m4_carryhandle_z_rail z_rail_side_mount2 z_rail_side_mount1,13650,10500
410995,72,leupold_cq_deltapoint_pro_rear_ironsight eotech_eflx_mini_red_dot magpul_prs_gen3_stock prs_adjustable_piece prs_gen3_buttpad,13975,10750
425295,73,colt_a2_buffer magpul_prs_gen2_stock leupold_mark_4_carry_handle_mount,14300,11000
439920,74,sig_sauer_romeo3 sig_sauer_qd_1.41_cowitness_romeo3_riser sig_sauer_romeo3_low_rise_mount,14625,11250
454870,75,leapers_utg_model_15_fixed_a2_ar15_stock si_ar_are_t7_buffer_tube,14950,11500
470470,76,magpul_moe_carbine_stock magpul_moe_butt_pad npz_1p78_1_2.8x_kashtan_scope npz_1p78_kashtan_p1_picatinny_adapter,15600,12000
486720,77,aim_sports_low_profile_45_degree_sight_base aim_sports_front_sight aim_sports_rear_sight_folded aim_sports_front_sight_folded aim_sports_rear_sight ncstar_mark_3_tactical_gen2_3_9x42,16250,12500
503620,78,thordsen_frs15_cover_stock aimpoint_amm_dovetail_11mm_mount sig_sauer_romeo5_1x20_sight,16900,13000
521170,79,ubr_gen2_stock magpul_ubr_gen2_buffer trijicon_ta51_flattop_mount trijicon_ta01nsn trijicon_ta01nsn_carry_handle,17550,13500
539370,80,zenit_belomo_picatinny_mount_pkas zenit_belomo_pk_as magpul_str_carbine_stock magpul_str_butt_pad,18200,14000
558220,81,aimpoint_micro_t1_sight aimpoint_micro_spacer_high_39mm aimpoint_micro_spacer_low_30mm,18850,14500
577720,82,mdt_lss_stock_adapter mdt_v5_skeleton_rifle_stock mdt_buttpad mdt_v5_skeleton_rifle_stock_short,19500,15000
597870,83,vortex_optics_razor_amg_uh1_gen1_sight unity_fast_micro_mount l3harris_atpial_an_peq_15,20150,15500
618670,84,sig_sauer_romeo4_low sig_sauer_romeo4_mount sig_sauer_romeo4_sight aimpoint_micro_lrp_qd_mount elcan_specter_os4x_sfov4,20800,16000
640120,85,sig_sauer_bravo4_4x30 aimpoint_micro_t2_sight aimpoint_micro_t2_lens_caps acog_fs acog_rs rm35,21450,16500
662220,86,sig_sauer_romeo4t_sight romeo4t_lens_caps romeo4t_folded_lens_caps sig_sauer_romeo4t_1/3_cowitness_mount,22100,17000
684970,87,burris_ar_prb_mount trijicon_acog_ta11d_bac_carry_handle trijicon_acog_ta11d_bac sig_sauer_romeo5_low_mount,22750,17500
708370,88,eotech_553 firefield_mg_kemper_xl_reflex_sight,23400,18000
732420,89,trijicon_compact_acog_ac12041_mount primary_arms_slx_1x_microprism_acss_g2_scope primary_arms_slx_1.53inch_straight_spacer primary_arms_slx_1.1inch_mount trijicon_compact_acog_3x24_ta50c_red,24050,18500
757120,90,eotech_g33_3x_magnifier eotech_magn_7mm_riser_2 eotech_magn_7mm_riser_1 eotech_sts_pivot_mount eotech_sts_picatinny_mount eotech_xps3_0,24700,19000
782470,91,trijicon_compact_acog_3x24_ta50c_green elcan_specterdr_1_4x_dfov14_t1 eotech_exps3,25350,19500
808470,92,vortex_optics_sport_cantilever_cm_203_30mm_3inch_offset vortex_optics_sport_cantilever_cm_102_30mm_2inch_offset eotech_vudu_1_6x24 l3harris_mipim_an_peq_16b,26000,20000
835120,93,khf_34mm_iea nightforce_atacr7_35x56_f1 be_meyers_mawl_c1+ badger_ordnance_comm_30mm_mount_body burris_ar_pepr_30mm_mount unity_fast_lpvo_30mm_mount,26650,20500
862420,94,badger_ordnance_comm_30mm_ring_half badger_ordnance_comm_34mm_ring_half badger_ordnance_c1_34mm_accessory_arc_ring_cap badger_ordnance_c1_30mm_12oclock_rmr_mount_for_arc badger_ordnance_c1_30mm_accessory_arc_ring_cap badger_ordnance_c1_34mm_12oclock_t1_optical_half_tube_plate badger_ordnance_c1_30mm_12oclock_t1_optical_half_tube_plate badger_ordnance_comm_aimpoint_t1_sight_mount badger_ordnance_comm_trijicon_rmr_sight_mount badger_ordnance_comm_j_arm_offset_mount,27300,21000
890370,95,badger_ordnance_comm_34mm_mount_body unity_fast_offset_optic_base unity_offset_optic_rmr_adapter_plate,27950,21500
918970,96,,28600,22000
948220,97,,29250,22500
978120,98,,29900,23000
1008670,99,,30550,23500
1073670,100,maxwell_grip,65000,50000
,,,,
AK74N,LIST,,,
experience,level,,,
0,0,6p1_01_upper_receiver ak74n_lower_receiver ak74n_standard_barrel izhmash_ak74_6p20_020_compensator izhmash_ak74_wood_6p20_sb5 6p20_wooden_sb6_upper_piece ak74_gas_tube 6p20_wooden_sb6_lower_handguard 6p20_wooden_sb6_lower_handguard_alt caf_wasr_10_63_wooden_upper_piece ak74_bolt 6p1_sb2_rear_sight akm_rear_sight_6p1_sb2_1 izhmash_ak74_fire_selector izhmash_akm_fire_selector bakelite_6p4_sbv8v 5.45x39_6l20 akmn_gas_tube izhmash_ak74_wood_6p20_sb5 picatinny_section 6p20_wooden_sb6_upper_piece 6p20_wooden_sb6_lower_handguard_alt caf_wasr_10_63_wooden_bottom_handguard_alt 5.45x39_tulammo_60gr_fmj_ta545390,,
300,1,izhmash_polymer_6p1_sb8_pistol_grip izhmash_ak74_polymer_6p20_sb7,300,
700,2,caf_wasr_10_63_wooden_bottom_handguard,400,
1300,3,pp19_grip 6p20_polymer_sb9_upper_piece 6p20_polymer_sb9_lower_handguard 6p20_polymer_sb9_lower_handguard_alt,600,
2000,4,tss_custom_ak_bolt_on_oversize_gen3_charging_handle akmn_gas_tube npz_usp_1_4x_1p29_tulip 1p29_eye_cup,700,
2800,5,5.45x39_tulammo_t_gs_49gr_red_tracer_7t3 gdr_zvn_64_night_front_sight gdr_zvn_64_night_rear_sight_ak74 gdr_zvn_64_night_rear_sight_akm,800,
3700,6,fab_defense_uas_akn_p rs_regulate_bm_1_akm_spec_.59_accessory_mount 25mm_universal_mount ultrafire_wf501b_flashlight,900,
4700,7,5.45x39_romanian30r zenitco_klesch_2p_lcu zenit_belomo_pso1 belomo_cup v762_vr04_mb 5.45x39_6l23,1000,
5800,8,sightmark_lopro_combo retro_arms_cnc_ak_model_a_fire_selector npz_1p78_1_2.8x_kashtan_scope npz_1p78_1_dovetail_mount,1100,
7000,9,izhmash_ak100_series_polymer_railed_lower_handguard izhmash_ak100_series_polymer_railed_lower_handguard_alt utg_ms_qd_foregrip,1200,
8300,10,5.45x39_saiga10r v762_vrdtl_fh crh_customs_fixed_ak_triangle_stock belomo_pk_a_1x20_dovetail_scope,1300,
9700,11,ultimak_m1_b_gastube zenitco_rp1_ak_charging_handle zeiss_zfk_4x25_scope zeiss_zfk_front_cup zeiss_zfk_rear_eye_cup,1400,
11200,12,utg_super_slim_vertical_foregrip aimpoint_electronic_g2_red_dot sightmark_lopro_mini_combo,1500,
12800,13,ak74n_modified_barrel khyber_customs_swiss_cheese_grater zenit_belomo_dovetail_mount_pkas zenit_belomo_pk_as,1600,
14500,14,dt_dpmn_fh magpul_ak_moe_top_cover magpul_ak_moe_lower_handguard magpul_ak_moe_lower_handguard_alt timber_creek_enforcer_foregrip,1700,
16300,15,rk_3 stark_se_5_express_forward_grip magpul_mlok_1.6_top magpul_mlok_1.6_bottom magpul_mlok_1.6_side npz_po_1x20_1p76_rakurs_a,1800,
18200,16,axion_cobra_mount viking_tactical_uvg_grip 5.45x39_tulammo_bs_64gr_bmj_7n24 railscales_rsb_vg,1900,
20200,17,a3_angled_foregrip molot_rpk_5.45x39_6l18_45r_mag vs_05 tsniitochmash_pbs_4_5.45x39_suppressor npz_pk1_1p63_obzor,2000,
22300,18,colt_m4a1_carry_handle colt_rear_ironsight_200m zenitco_perst_3_classic_gen4_green magpul_rvg zenit_belomo_picatinny_mount_pkas,2100,
24500,19,kac_rear_sight kac_rear_sight_folded kac_micro_rear_sight kac_micro_rear_sight_folded kac_micro_front_sight_folded kac_micro_front_sight kac_front_sight kac_front_sight_folded kac_front_sight_base kac_micro_front_sight_base kac_micro_rear_sight_base kac_rear_sight_base dtk_2 tangodown_bgv_mk46k_grip,2200,
26800,20,colt_ca2r pts_fortis_shift_tactical_grip mrs_reflex caa_akts_akm_ak74_buffer_tube colt_m4ss_stock m16_m4_carryhandle_z_rail pri_ar15_std_carry_handle_mount z_rail_side_mount2 z_rail_side_mount1,2300,
29200,21,valday_1p87 armytek_predator_prov3_xhp35_hi dt_dtkai_mb magpul_mvg,2400,
31700,22,zenitco_b_13_klassika_dovetail_mount dt_dtm_fh insight_technology_an_peq_2a_tpial trijicon_srs02 brwnls_xm177_car cf_rubber_buttpad,2500,
34300,23,las_tac_2  5.45x39_tulammo_53gr_fmj_7n6 v762_vr05_mb colt_retro_a1_4x21_scope colt_retro_a1_scope_carry_handle_mount,2600,
37000,24,cobra_ekp_8_18 mg47 magpul_mbus_gen2_front_top_folded magpul_mbus_gen2_base magpul_mbus_gen2_rear_top_folded magpul_mbus_gen2_rear_top magpul_mbus_gen2_front_top magpul_mbus_gen2_frontsight_post magpul_rearsight_post200m magpul_rearsight_post600m,2700,
39800,25,fab_defense_ak74_pdc_dust_cover pilad_p1x42 mission_first_folding_grip ak12_gen1_std_stock,2800,
42700,26,priceli_narod_okp_7_dovetail caa_ak_rs47_handguard ncstar_blue_lam_module hexagon545,2900,
45700,27,si_ak_drop_on_rail rk_foregrip_mount zenit_rk0 zenit_rk0_angled 5.45x39_6l26,3000,
48800,28,fab_defense_tactical_lightweight_vertical_grip ncstar_mpr45_offset_mount tdiarms_ak_akm_l_lower_handguard tdiarms_ak_akm_l_lower_handguard_alt,3100,
52000,29,npz_1p78_kashtan_p1_picatinny_adapter zenit_rk4_angled zenit_rk4 hk_416_enhanced_buffer_tube,3200,
55300,30,kac_vpg scout_scopes_ak_drop_on_rail zenit_rk1 zenit_rk1_angled usi_l12a1_susat_combat_optic susat_backup_sights,3300,
58700,31,kac_2rib_railpanel kac_4rib_railpanel kac_5rib_railpanel rtm_pillau_tactical_grip trijicon_rx10_gooseneck_mount trijicon_rx01/06_series_1x24_reflex_sight_ch trijicon_rx01/06_series_1x24_reflex_sight,3400,
62200,32,comp_m2 qrp_30mm_mount us_palm_ak_pistol_grip 5.45x39_hornady_black_60gr_v_max,3500,
65800,33,zenit_belomo_pk06 rk_short_foregrip_mount zenit_rk5_angled zenit_rk5 zenit_belomo_prc_red_dot,3600,
69500,34,hensoldt_z24_fero_4x24 z24_covers arms_no5_mount akademia_bastion_dust_cover trijicon_rx14_mount trijicon_rmr_ac32066_offset,3700,
73300,35,holosun_hs401g5 holosun_ls321g ak12_gen1_pistol_grip abom_cnc_works_picatinny_susat_adapter hk_slim_stock,3800,
77200,36,kac_6rib_railpanel kac_9rib_railpanel kac_11rib_railpanel aimpoint_30mm_low_ring si_ar_are_t7_buffer_tube,3900,
81200,37,zenit_rk2_angled zenit_rk2 aim_sports_low_profile_45_degree_sight_base aim_sports_front_sight aim_sports_rear_sight_folded aim_sports_front_sight_folded aim_sports_rear_sight aim_sports_rear_sight,4000,
85300,38,fn_scar_rear_sight_base fn_scar_rear_sight fn_scar_rear_sight_600m_aperture fn_scar_rear_sight_200m_aperture fn_scar_rear_sight_folded monstrum_prism_2x32_scope xtm_2_piece xtm_4_piece xtm_full_handstop,4100,
89500,39,ds_ace_ak_ar15_adapter colt_a2_pistol_grip zenit_rk6 zenit_rk6_angled rk_b25_angled_mount leupold_mark_4_carry_handle_mount,4200,
93800,40,priceli_narod_okp_7_picatinny insight_technology_an_peq_5_cvl unity_fast_optics_riser sb_tactical_vector_brace me_adapter colt_m4a1_castlenut_for_all colt_buffer_tube,4300,
98200,41,mdt_premier_avp_grip elcan_c79a2 elcan_alt_view doublestar_ace_m4_socom_gen4_stock doublestar_ace_0.5_recoil_pad,4400,
102700,42,burris_prism_ar332_carry_handle burris_prism_ar332 zenitco_akm_ak74_pt_lock zenitco_pt_1_klassika_base_part zenitco_pt_1_klassika_adjust_part zenitco_pt_1_klassika_buttpad zenitco_pt_1_klassika_cheekpad,4500,
107300,43,rm33_mount trijicon_rmr_rm06_type2_adj_led_reflex ar_tr2_stock ar_tr2_pad ac32062_mount,4600,
112000,44,mt012m_riser mt012l_riser mt012h_riser leapers_utg_model_15_fixed_a2_ar15_stock colt_a2_buffer magpul_prs_gen2_stock sig_sauer_romeo4_low sig_sauer_romeo4_sight sig_sauer_romeo4_mount,4700,
116800,45,isle_mfg_zenitco_pt_1_tailhook_adapter ghw_tailhook_mod1_brace_small aimpoint_amm_dovetail_11mm_mount aimpoint_micro_spacer_low_30mm aimpoint_micro_spacer_high_39mm aimpoint_micro_t1_sight,4800,
121700,46,matech_usgi_rear_buis_aperture matech_usgi_rear_buis_base matech_usgi_rear_buis_aperture_folded si_viper_mod1_stock viper_rubber_pad firefield_mg_kemper_xl_reflex_sight,4900,
126700,47,swampfox_kingslayer_sight generic_5_slot_mlok_rail_top generic_5_slot_mlok_rail_bottom generic_5_slot_mlok_rail_side generic_7_slot_mlok_rail_top generic_7_slot_mlok_rail_bottom generic_7_slot_mlok_rail_side,5000,
131800,48,magpul_xtm_enhanced_half_panel_1 magpul_xtm_enhanced_handstop_1 magpul_xtm_enhanced_panel_1 magpul_xtm_enhanced_short_handstop_1 magpul_xtm_enhanced_half_panel_2 magpul_xtm_enhanced_handstop_2 magpul_xtm_enhanced_panel_2 magpul_xtm_enhanced_short_handstop_2,5100,
137000,49,fortis_la_stock magpul_afg_2_grip zenitco_b_10m_gen1_lower_handguard zenitco_b_19_gen1_rail_mount aimpoint_micro_t2_sight aimpoint_micro_t2_lens_caps aimpoint_micro_lrp_qd_mount,5200,
142300,50,td_skeletonized_pistol_grip ti_stock troy_m7a1 magpul_moe_a_frame_fixed_ak_stock magpul_moe_a_frame_stock_buttpad,5300,
147700,51,zenitco_b_33_gen1_dust_cover sag_bit_low_profile_dovetail_mount sag_bit_rail magpul_moe_carbine_stock magpul_moe_butt_pad magpul_str_butt_pad,5400,
153450,52,vortex_optics_razor_amg_uh1_gen1_sight timber_creek_enforcer_handstop sig_sauer_bravo4_4x30,5500,
159450,53,5.45x39_izhmash_ak12_magazine_30r midwest_industries_ak74_gen1_handguard midwest_industries_ak74_gen1_railed_topcover dd_enhanced_mvg,5750,
165700,54,grip_pod_gps_02_body grip_pod_gps_02_legs_ext grip_pod_gps_02_legs_col midwest_industries_ak74_gen1_t1_mount_topcover rs_regulate_ak_303m_full_length_lower_mount rs_regulate_akrk_mini_picatinny_mount,6000,
172200,55,vltor_emod_stock emod_pad generic_9_slot_mlok_rail_top generic_9_slot_mlok_rail_side generic_9_slot_mlok_rail_bottom generic_11_slot_mlok_rail_bottom generic_11_slot_mlok_rail_side generic_11_slot_mlok_rail_top generic_13_slot_mlok_rail_bottom generic_13_slot_mlok_rail_side generic_13_slot_mlok_rail_top,6250,
178950,56,trijicon_compact_acog_ac12041_mount primary_arms_slx_1x_microprism_acss_g2_scope primary_arms_slx_1.53inch_straight_spacer primary_arms_slx_1.1inch_mount bcm_mod3_mlok_fg bcm_mod3_mlok_fg_flipped,6500,
185950,57,ncstar_mark_3_tactical_gen2_3_9x42 ga_24_1/2 bt_st6012 midwest_industries_ak74_gen1_30mm_topcover rs_regulate_akr_1913_railed_0moa_mount v762_vr05t_mb,6750,
193200,58,5.45x39_6l31 zenitco_pt_3_base_part zenitco_pt_3_cheekpad zenitco_pt_3_buttpad leupold_deltapoint_pro_cross_slot leupold_deltapoint_reflex_sight deltapoint_attachment bcm_gunfighter_kag,7000,
200700,59,midwest_industries_ak74_extended_gen1_handguard 5.45x39_magpul_pmag_ak74_30r magpul_pmag_ak74/akm_bottom_plate hera_arms_ccs_stock,7250,
208450,60,kinect_development_group_qd_3slot_rail_side kinect_development_group_qd_3slot_rail_top kinect_development_group_qd_3slot_rail_bottom kinect_development_group_qd_7slot_rail_bottom kinect_development_group_qd_7slot_rail_side kinect_development_group_qd_7slot_rail_top si_link_curved_mlok_fg trijicon_compact_acog_3x24_ta50c_red,7500,
216450,61,sig_sauer_romeo5_low_mount sig_sauer_romeo5_1x20_sight rs_regulate_akm_30mm_scope_mount zenitco_b_10l_sport_lower_handguard zenitco_b_31lv_sport_rail_mount zenitco_dl_2_gen2_sport_handguard_extension,7750,
224700,62,mdt_lss_stock_adapter mdt_v5_skeleton_rifle_stock mdt_buttpad mdt_v5_skeleton_rifle_stock_short trijicon_compact_acog_3x24_ta50c_green jg_usgi_a2_birdcage_m4a1_flash_hider,8000,
233200,63,trijicon_sro burris_ar_prb_mount elcan_specter_os4x_sfov4 hk_battle_pistol_grip hera_hrs_light_stock gemtech_gmt_halo,8250,
241950,64,midwest_industries_alpha_ak_series_6inch_mlok_upper_handguard midwest_industries_alpha_ak_series_railed_top_cover midwest_industries_alpha_ak_series_6inch_mlok_lower_handguard nordic_corvette_556,8500,
250950,65,leupold_cq_deltapoint_pro_rear_ironsight leupold_deltapoint_pro_sight leupold_deltapoint_pro_ar magpul_ranger_ak74/akm_bottom_plate troy_claymore556,8750,
260200,66,iron_claw_tactical_gen2_ak_magwell_system magpul_223_mag_assist_misc3 pmm_scar_modified_grip_hogue magpul_str_carbine_stock,9000,
269700,67,leupold_deltapoint_pro_ar_dloc trijicon_ta01nsn trijicon_ta51_flattop_mount acog_fs acog_rs trijicon_ta01nsn_carry_handle annihilator_556,9250,
279450,68,magpul_prs_gen3_stock prs_adjustable_piece prs_gen3_buttpad midwest_industries_alpha_ak_series_10inch_mlok_lower_handguard midwest_industries_alpha_ak_series_10inch_mlok_upper_handguard,9500,
289450,69,hera_arms_cqr_gen1_foregrip eotech_553 zenitco_b_30_gen1_lower_handguard zenitco_b_31s_gen1_rail_mount,9750,
299700,70,5.45x39_rpk16_mag i_24_14_ta trijicon_acog_ta11d_bac_carry_handle trijicon_acog_ta11d_bac magpul_ak_zhukov_u_lower_handguard_alt magpul_ak_zhukov_u_lower_handguard,10000,
310200,71,rm35 lmt_sopmod lmt_pad sig_sauer_romeo4t_sight romeo4t_lens_caps romeo4t_folded_lens_caps hexagon_dtkp_ak74_5.45x39_suppressor ss_combo_mount ss_lrs1_suppressor,10250,
320950,72,eotech_eflx_mini_red_dot v762_vr10m_mb tdiarms_ak_x47_rail_system magpul_zhukov_s_hinge_part magpul_zhukov_s_main_body magpul_zhukov_s_extendable_part magpul_zhukov_s_press_part,10500,
331950,73,eotech_exps3 ubr_gen2_stock magpul_ubr_gen2_buffer insight_technology_wmx200_fixed_mount_tactical_illuminator,10750,
343200,74,l3harris_atpial_an_peq_15 unity_fast_micro_mount sig_sauer_romeo4t_1/3_cowitness_mount hexagon_dtkp_ak74_shortened_5.45x39_suppressor,11000,
354700,75,jt_5.5inch_flashsuppressor ddw_qd ddw_adapter,11250,
366700,76,eotech_xps3_0 eotech_sts_pivot_mount eotech_g33_3x_magnifier eotech_magn_7mm_riser_2 eotech_magn_7mm_riser_1 eotech_sts_picatinny_mount,11500,
379200,77,kac_qdc_m4qd_5.56x56_flash_suppressor kac_qdss_nt4_5.56x45_suppressor,12000,
392200,78,l3harris_mipim_an_peq_16b ak_5.45_design_aggressor_handguard,12500,
405700,79,gemtech_adapter gemtech_1_762,13000,
419700,80,gbrs_group_aimpoint_hydra_mount_kit surefire_warcomp_5.56x45_flash_hider surefire_socom556_rc2_suppressor,13500,
434200,81,elcan_specterdr_1_4x_dfov14_t1,14000,
449200,82,zenitco_b_32_klassika_rail_mount,14500,
464700,83,vortex_optics_sport_cantilever_cm_102_30mm_2inch_offset eotech_vudu_1_6x24,15000,
480700,84,vortex_optics_sport_cantilever_cm_203_30mm_3inch_offset,15500,
497200,85,be_meyers_mawl_c1+ tb_mount_223_mb tb_5,16000,
514200,86,tb_7 ips_5.56x45_1inch_barrel_extension,16500,
531700,87,ips_5.56x45_2inch_barrel_extension,17000,
549700,88,burris_ar_pepr_30mm_mount tb_9,17500,
568200,89,ips_5.56x45_4inch_barrel_extension,18000,
587200,90,,18500,
606700,91,unity_fast_lpvo_30mm_mount unity_fast_offset_optic_base unity_offset_optic_rmr_adapter_plate,19000,
626700,92,,19500,
647200,93,,20000,
668200,94,badger_ordnance_comm_30mm_mount_body badger_ordnance_comm_30mm_ring_half badger_ordnance_c1_30mm_12oclock_rmr_mount_for_arc,20500,
689700,95,khf_34mm_iea nightforce_atacr7_35x56_f1 badger_ordnance_c1_30mm_accessory_arc_ring_cap,21000,
711700,96,badger_ordnance_c1_30mm_12oclock_t1_optical_half_tube_plate badger_ordnance_comm_j_arm_offset_mount badger_ordnance_comm_trijicon_rmr_sight_mount badger_ordnance_comm_aimpoint_t1_sight_mount,21500,
734200,97,badger_ordnance_comm_34mm_mount_body badger_ordnance_comm_34mm_ring_half badger_ordnance_c1_34mm_accessory_arc_ring_cap badger_ordnance_c1_34mm_12oclock_t1_optical_half_tube_plate,22000,
757200,98,,22500,
807200,99,,23000,
807200,100,maxwell_grip,50000,
